alias	index	barcode_seq	sample_num		umi	seq_rxn	seq_on	method	source	media	sample_description	RNA	trmt	phosphatase	replicate	date	primary_type	secondary_type	color
SP1	3	GCCTAA	S1	GCCTAA_S1	8	JH36?	MiSeq	5OH	human	unknown	16 HBE 140-P68	poly-a	NA	CIP	1	20131025	HBE		
SP2	4	TGGTCA	S2	TGGTCA_S2	8	JH36?	MiSeq	5OH	human	unknown	16 HBE 140-P68	poly-a	NA	NA	1	20131025	HBE		
SP3	7	GATCTG	S3	GATCTG_S3	8	JH36?	MiSeq	5OH	yeast	YPD	yeast 4741	poly-a	TAP	CIP	1	20131025	4741		
SP4	8	TCAAGT	S4	TCAAGT_S4	8	JH36?	MiSeq	5OH	yeast	YPD	yeast 4741	Total	TAP	CIP	1	20131025	4741		
SP5	3	GCCTAA	S1	GCCTAA_S1	8	JH39	MiSeq	5OH	yeast	YPD	"del xrn1, tunicamycin treated"	poly-a	tun_2.5	NA	1	20140107	4742	del_xrn1	
SP6	4	TGGTCA	S2	TGGTCA_S2	8	JH39	MiSeq	5OH	yeast	YPD	"del xrn1, DMSO, control"	poly-a	DMSO_2.5	NA	1	20140107	4742	del_xrn1	
SP7	5	CACTGT	S3	CACTGT_S3	8	JH39	MiSeq	5OH	yeast	YPD	"4742, tunicamycin treated"	poly-a	tun_2.5	NA	1	20140107	4742		
SP8	6	ATTGGC	S4	ATTGGC_S4	8	JH39	MiSeq	5OH	yeast	YPD	"4742, DMSO control"	poly-a	DMSO_2.5	NA	1	20140107	4742		
SP9	8	TCAAGT	S5	TCAAGT_S5	8	JH39	MiSeq	5OH	yeast	YPD	"del xrn1, tunicamycin treated, +rSAP"	poly-a	tun_2.5	rSAP	1	20140107	4742	del_xrn1	
SP10	9	CTGATC	S6	CTGATC_S6	8	JH39	MiSeq	5OH	yeast	YPD	"del xrn1, DMSO, control, +rSAP"	poly-a	DMSO_2.5	rSAP	1	20140107	4742	del_xrn1	
SP11	10	AAGCTA	S7	AAGCTA_S7	8	JH39	MiSeq	5OH	yeast	YPD	"4742, tunicamycin treated, +rSAP"	poly-a	tun_2.5	rSAP	1	20140107	4742		
SP12	11	GTAGCC	S8	GTAGCC_S8	8	JH39	MiSeq	5OH	yeast	YPD	"4742, DMSO control, +rSAP"	poly-a	DMSO_2.5	rSAP	1	20140107	4742		
SP13	10	AAGCTA	S1	AAGCTA_S1	8	JH45	MiSeq	5OH	yeast	YPD	"del xrn1, tunicamycin treated"	poly-a	tun_2.5	NA	2	20140221	4742	del_xrn1	
SP14	12	TACAAG	S2	TACAAG_S2	8	JH45	MiSeq	5OH	yeast	YPD	"4742, tunicamycin treated"	poly-a	tun_2.5	NA	2	20140221	4742		
SP15	13	TTGACT	S3	TTGACT_S3	8	JH45	MiSeq	5OH	yeast	YPD	"4742, DMSO control"	poly-a	DMSO_2.5	NA	2	20140221	4742		
SP16	14	GGAACT	S4	GGAACT_S4	8	JH45	MiSeq	5OH	yeast	YPD	"del xrn1, tunicamycin treated, +rSAP"	poly-a	tun_2.5	rSAP	2	20140221	4742	del_xrn1	
SP17	15	TGACAT	S5	TGACAT_S5	8	JH45	MiSeq	5OH	yeast	YPD	"del xrn1, DMSO, control, +rSAP"	poly-a	DMSO_2.5	rSAP	2	20140221	4742	del_xrn1	
SP18	16	GGACGG	S6	GGACGG_S6	8	JH45	MiSeq	5OH	yeast	YPD	"4742, tunicamycin treated, +rSAP"	poly-a	tun_2.5	rSAP	2	20140221	4742		
SP19	18	GCGGAC	S7	GCGGAC_S7	8	JH45	MiSeq	5OH	yeast	YPD	"4742, DMSO control, +rSAP"	poly-a	DMSO_2.5	rSAP	2	20140221	4742		
SP20	1	CGTGAT	S1	CGTGAT_S1	8	JH46	MiSeq	5OH	yeast	YPD	pre-frag	poly-a	pre-frag	NA	1	20140304	4741		
SP21	3	GCCTAA	S2	GCCTAA_S2	8	JH46	MiSeq	5OH	yeast	YPD	del syc1	poly-a	NA	NA	1	20140304	4741	del_syc1	
SP22	4	TGGTCA	S3	TGGTCA_S3	8	JH46	MiSeq	5OH	yeast	YPD	del ngl2	poly-a	NA	NA	1	20140304	4741	del_ngl2	
SP23	5	CACTGT	S4	CACTGT_S4	8	JH46	MiSeq	5OH	yeast	YPD	del dst1	poly-a	NA	NA	1	20140304	4741	del_dst1	
SP24	6	ATTGGC	S5	ATTGGC_S5	8	JH46	MiSeq	5OH	yeast	YPD	del dom34	poly-a	NA	NA	1	20140304	4741	del_dom34	
SP25	7	GATCTG	S6	GATCTG_S6	8	JH46	MiSeq	5OH	yeast	YPD	del ire1	poly-a	NA	NA	1	20140304	4741	del_ire1	
SP26	9	CTGATC	S7	CTGATC_S7	8	JH46	MiSeq	5OH	yeast	YPD	del ski2	poly-a	NA	NA	1	20140304	4741	del_ski2	
SP27	10	AAGCTA	S8	AAGCTA_S8	8	JH46	MiSeq	5OH	yeast	YPD	"del xrn1, DMSO, control"	poly-a	DMSO_2.5	NA	2	20140304	4742	del_xrn1	
SP28	19	TTTCAC	S2	TTTCAC_S2	8	JH51	MiSeq	5OH	yeast	YPD	RiboZero	Total	NA	NA	1	20140529	4741		
SP29	20	GGCCAC	S3	GGCCAC_S3	8	JH51	MiSeq	5OH	yeast	YPD	Pre-Frag	poly-a	pre-frag	NA	1	20140529	4741		
SP30						JH52	HiSeq	5OH	human								293T	scr shRNA	
SP31						JH52	HiSeq	5OH	human								293T	hClp1 KD shRNA_1	
SP32						JH52	HiSeq	5OH	human								293T	hClp1 KD shRNA_2	
SP33						JH52	HiSeq	5OH	human								293T	hClp1 KD shRNA_3	
SP34						JH52	HiSeq	RNA-Seq	human								293T	scr shRNA	
SP35						JH52	HiSeq	RNA-Seq	human								293T	hClp1 KD shRNA_1	
SP36						JH52	HiSeq	RNA-Seq	human								293T	hClp1 KD shRNA_2	
SP37						JH52	HiSeq	RNA-Seq	human								293T	hClp1 KD shRNA_3	
SP38						JH52	HiSeq	PolyA	human										
SP39						JH52	HiSeq	PolyA	human										
SP40						JH52	HiSeq	PolyA	human										
SP41						JH52	HiSeq	PolyA	human										